data,kod,kurs,jednostka,zrodlo
2022-08-25,USD,4.7546,PLN,NBP 164/A/NBP/2022
2022-08-26,USD,4.7465,PLN,NBP 165/A/NBP/2022
2022-08-29,USD,4.7821,PLN,NBP 166/A/NBP/2022
2022-08-30,USD,4.721,PLN,NBP 167/A/NBP/2022
2022-08-31,USD,4.736,PLN,NBP 168/A/NBP/2022
2022-09-01,USD,4.6959,PLN,NBP 169/A/NBP/2022
2022-09-02,USD,4.7276,PLN,NBP 170/A/NBP/2022
2022-09-05,USD,4.769,PLN,NBP 171/A/NBP/2022
2022-09-06,USD,4.7367,PLN,NBP 172/A/NBP/2022
2022-09-07,USD,4.7584,PLN,NBP 173/A/NBP/2022
2022-09-08,USD,4.7268,PLN,NBP 174/A/NBP/2022
2022-09-09,USD,4.6599,PLN,NBP 175/A/NBP/2022
2022-09-12,USD,4.6225,PLN,NBP 176/A/NBP/2022
2022-09-13,USD,4.6363,PLN,NBP 177/A/NBP/2022
2022-09-14,USD,4.7233,PLN,NBP 178/A/NBP/2022
2022-09-15,USD,4.7202,PLN,NBP 179/A/NBP/2022
2022-09-16,USD,4.7384,PLN,NBP 180/A/NBP/2022
2022-08-25,EUR,4.7584,PLN,NBP 164/A/NBP/2022
2022-08-26,EUR,4.7413,PLN,NBP 165/A/NBP/2022
2022-08-29,EUR,4.7529,PLN,NBP 166/A/NBP/2022
2022-08-30,EUR,4.7328,PLN,NBP 167/A/NBP/2022
2022-08-31,EUR,4.7265,PLN,NBP 168/A/NBP/2022
2022-09-01,EUR,4.7133,PLN,NBP 169/A/NBP/2022
2022-09-02,EUR,4.7144,PLN,NBP 170/A/NBP/2022
2022-09-05,EUR,4.7263,PLN,NBP 171/A/NBP/2022
2022-09-06,EUR,4.7168,PLN,NBP 172/A/NBP/2022
2022-09-07,EUR,4.7137,PLN,NBP 173/A/NBP/2022
2022-09-08,EUR,4.7244,PLN,NBP 174/A/NBP/2022
2022-09-09,EUR,4.7098,PLN,NBP 175/A/NBP/2022
2022-09-12,EUR,4.7113,PLN,NBP 176/A/NBP/2022
2022-09-13,EUR,4.7082,PLN,NBP 177/A/NBP/2022
2022-09-14,EUR,4.7195,PLN,NBP 178/A/NBP/2022
2022-09-15,EUR,4.7164,PLN,NBP 179/A/NBP/2022
2022-09-16,EUR,4.7176,PLN,NBP 180/A/NBP/2022
2022-08-25,CHF,4.9415,PLN,NBP 164/A/NBP/2022
2022-08-26,CHF,4.9196,PLN,NBP 165/A/NBP/2022
2022-08-29,CHF,4.9342,PLN,NBP 166/A/NBP/2022
2022-08-30,CHF,4.8679,PLN,NBP 167/A/NBP/2022
2022-08-31,CHF,4.8467,PLN,NBP 168/A/NBP/2022
2022-09-01,CHF,4.8112,PLN,NBP 169/A/NBP/2022
2022-09-02,CHF,4.8237,PLN,NBP 170/A/NBP/2022
2022-09-05,CHF,4.8487,PLN,NBP 171/A/NBP/2022
2022-09-06,CHF,4.8311,PLN,NBP 172/A/NBP/2022
2022-09-07,CHF,4.8413,PLN,NBP 173/A/NBP/2022
2022-09-08,CHF,4.8438,PLN,NBP 174/A/NBP/2022
2022-09-09,CHF,4.8693,PLN,NBP 175/A/NBP/2022
2022-09-12,CHF,4.8428,PLN,NBP 176/A/NBP/2022
2022-09-13,CHF,4.8752,PLN,NBP 177/A/NBP/2022
2022-09-14,CHF,4.9174,PLN,NBP 178/A/NBP/2022
2022-09-15,CHF,4.9137,PLN,NBP 179/A/NBP/2022
2022-09-16,CHF,4.9134,PLN,NBP 180/A/NBP/2022
2022-08-25,CNY,0.6941,PLN,NBP 164/A/NBP/2022
2022-08-26,CNY,0.6917,PLN,NBP 165/A/NBP/2022
2022-08-29,CNY,0.6911,PLN,NBP 166/A/NBP/2022
2022-08-30,CNY,0.6838,PLN,NBP 167/A/NBP/2022
2022-08-31,CNY,0.6864,PLN,NBP 168/A/NBP/2022
2022-09-01,CNY,0.6809,PLN,NBP 169/A/NBP/2022
2022-09-02,CNY,0.6843,PLN,NBP 170/A/NBP/2022
2022-09-05,CNY,0.687,PLN,NBP 171/A/NBP/2022
2022-09-06,CNY,0.6813,PLN,NBP 172/A/NBP/2022
2022-09-07,CNY,0.682,PLN,NBP 173/A/NBP/2022
2022-09-08,CNY,0.6791,PLN,NBP 174/A/NBP/2022
2022-09-09,CNY,0.6736,PLN,NBP 175/A/NBP/2022
2022-09-12,CNY,0.6674,PLN,NBP 176/A/NBP/2022
2022-09-13,CNY,0.669,PLN,NBP 177/A/NBP/2022
2022-09-14,CNY,0.6786,PLN,NBP 178/A/NBP/2022
2022-09-15,CNY,0.6765,PLN,NBP 179/A/NBP/2022
2022-09-16,CNY,0.6746,PLN,NBP 180/A/NBP/2022
2022-08-25,ILS,1.4534,PLN,NBP 164/A/NBP/2022
2022-08-26,ILS,1.4578,PLN,NBP 165/A/NBP/2022
2022-08-29,ILS,1.4412,PLN,NBP 166/A/NBP/2022
2022-08-30,ILS,1.4262,PLN,NBP 167/A/NBP/2022
2022-08-31,ILS,1.4212,PLN,NBP 168/A/NBP/2022
2022-09-01,ILS,1.3987,PLN,NBP 169/A/NBP/2022
2022-09-02,ILS,1.3988,PLN,NBP 170/A/NBP/2022
2022-09-05,ILS,1.398,PLN,NBP 171/A/NBP/2022
2022-09-06,ILS,1.3882,PLN,NBP 172/A/NBP/2022
2022-09-07,ILS,1.3877,PLN,NBP 173/A/NBP/2022
2022-09-08,ILS,1.3813,PLN,NBP 174/A/NBP/2022
2022-09-09,ILS,1.3643,PLN,NBP 175/A/NBP/2022
2022-09-12,ILS,1.366,PLN,NBP 176/A/NBP/2022
2022-09-13,ILS,1.3829,PLN,NBP 177/A/NBP/2022
2022-09-14,ILS,1.3785,PLN,NBP 178/A/NBP/2022
2022-09-15,ILS,1.3789,PLN,NBP 179/A/NBP/2022
2022-09-16,ILS,1.3741,PLN,NBP 180/A/NBP/2022
2022-08-25,INR,0.059533,PLN,NBP 164/A/NBP/2022
2022-08-26,INR,0.059444,PLN,NBP 165/A/NBP/2022
2022-08-29,INR,0.05981,PLN,NBP 166/A/NBP/2022
2022-08-30,INR,0.05936,PLN,NBP 167/A/NBP/2022
2022-08-31,INR,0.059532,PLN,NBP 168/A/NBP/2022
2022-09-01,INR,0.059088,PLN,NBP 169/A/NBP/2022
2022-09-02,INR,0.059264,PLN,NBP 170/A/NBP/2022
2022-09-05,INR,0.059686,PLN,NBP 171/A/NBP/2022
2022-09-06,INR,0.059316,PLN,NBP 172/A/NBP/2022
2022-09-07,INR,0.059563,PLN,NBP 173/A/NBP/2022
2022-09-08,INR,0.059275,PLN,NBP 174/A/NBP/2022
2022-09-09,INR,0.058593,PLN,NBP 175/A/NBP/2022
2022-09-12,INR,0.05812,PLN,NBP 176/A/NBP/2022
2022-09-13,INR,0.058568,PLN,NBP 177/A/NBP/2022
2022-09-14,INR,0.059497,PLN,NBP 178/A/NBP/2022
2022-09-15,INR,0.059243,PLN,NBP 179/A/NBP/2022
2022-09-16,INR,0.059404,PLN,NBP 180/A/NBP/2022
2022-08-25,GBP,5.6312,PLN,NBP 164/A/NBP/2022
2022-08-26,GBP,5.6007,PLN,NBP 165/A/NBP/2022
2022-08-29,GBP,5.5752,PLN,NBP 166/A/NBP/2022
2022-08-30,GBP,5.5413,PLN,NBP 167/A/NBP/2022
2022-08-31,GBP,5.5126,PLN,NBP 168/A/NBP/2022
2022-09-01,GBP,5.4464,PLN,NBP 169/A/NBP/2022
2022-09-02,GBP,5.4622,PLN,NBP 170/A/NBP/2022
2022-09-05,GBP,5.4798,PLN,NBP 171/A/NBP/2022
2022-09-06,GBP,5.4821,PLN,NBP 172/A/NBP/2022
2022-09-07,GBP,5.4696,PLN,NBP 173/A/NBP/2022
2022-09-08,GBP,5.4322,PLN,NBP 174/A/NBP/2022
2022-09-09,GBP,5.4185,PLN,NBP 175/A/NBP/2022
2022-09-12,GBP,5.4044,PLN,NBP 176/A/NBP/2022
2022-09-13,GBP,5.4311,PLN,NBP 177/A/NBP/2022
2022-09-14,GBP,5.4504,PLN,NBP 178/A/NBP/2022
2022-09-15,GBP,5.4412,PLN,NBP 179/A/NBP/2022
2022-09-16,GBP,5.3882,PLN,NBP 180/A/NBP/2022
2022-08-25,JPY,0.034842,PLN,NBP 164/A/NBP/2022
2022-08-26,JPY,0.034667,PLN,NBP 165/A/NBP/2022
2022-08-29,JPY,0.034479,PLN,NBP 166/A/NBP/2022
2022-08-30,JPY,0.03414,PLN,NBP 167/A/NBP/2022
2022-08-31,JPY,0.034173,PLN,NBP 168/A/NBP/2022
2022-09-01,JPY,0.03373,PLN,NBP 169/A/NBP/2022
2022-09-02,JPY,0.033684,PLN,NBP 170/A/NBP/2022
2022-09-05,JPY,0.03393,PLN,NBP 171/A/NBP/2022
2022-09-06,JPY,0.033429,PLN,NBP 172/A/NBP/2022
2022-09-07,JPY,0.033025,PLN,NBP 173/A/NBP/2022
2022-09-08,JPY,0.032806,PLN,NBP 174/A/NBP/2022
2022-09-09,JPY,0.032827,PLN,NBP 175/A/NBP/2022
2022-09-12,JPY,0.032395,PLN,NBP 176/A/NBP/2022
2022-09-13,JPY,0.032593,PLN,NBP 177/A/NBP/2022
2022-09-14,JPY,0.032953,PLN,NBP 178/A/NBP/2022
2022-09-15,JPY,0.032906,PLN,NBP 179/A/NBP/2022
2022-09-16,JPY,0.033054,PLN,NBP 180/A/NBP/2022
2022-08-25,CAD,3.6857,PLN,NBP 164/A/NBP/2022
2022-08-26,CAD,3.6653,PLN,NBP 165/A/NBP/2022
2022-08-29,CAD,3.6575,PLN,NBP 166/A/NBP/2022
2022-08-30,CAD,3.6385,PLN,NBP 167/A/NBP/2022
2022-08-31,CAD,3.6134,PLN,NBP 168/A/NBP/2022
2022-09-01,CAD,3.5598,PLN,NBP 169/A/NBP/2022
2022-09-02,CAD,3.5978,PLN,NBP 170/A/NBP/2022
2022-09-05,CAD,3.6224,PLN,NBP 171/A/NBP/2022
2022-09-06,CAD,3.6103,PLN,NBP 172/A/NBP/2022
2022-09-07,CAD,3.6113,PLN,NBP 173/A/NBP/2022
2022-09-08,CAD,3.5975,PLN,NBP 174/A/NBP/2022
2022-09-09,CAD,3.5871,PLN,NBP 175/A/NBP/2022
2022-09-12,CAD,3.5609,PLN,NBP 176/A/NBP/2022
2022-09-13,CAD,3.5732,PLN,NBP 177/A/NBP/2022
2022-09-14,CAD,3.588,PLN,NBP 178/A/NBP/2022
2022-09-15,CAD,3.587,PLN,NBP 179/A/NBP/2022
2022-09-16,CAD,3.566,PLN,NBP 180/A/NBP/2022
2022-08-25,AUD,3.3216,PLN,NBP 164/A/NBP/2022
2022-08-26,AUD,3.3055,PLN,NBP 165/A/NBP/2022
2022-08-29,AUD,3.2757,PLN,NBP 166/A/NBP/2022
2022-08-30,AUD,3.2815,PLN,NBP 167/A/NBP/2022
2022-08-31,AUD,3.2542,PLN,NBP 168/A/NBP/2022
2022-09-01,AUD,3.2071,PLN,NBP 169/A/NBP/2022
2022-09-02,AUD,3.217,PLN,NBP 170/A/NBP/2022
2022-09-05,AUD,3.2321,PLN,NBP 171/A/NBP/2022
2022-09-06,AUD,3.2071,PLN,NBP 172/A/NBP/2022
2022-09-07,AUD,3.2002,PLN,NBP 173/A/NBP/2022
2022-09-08,AUD,3.1814,PLN,NBP 174/A/NBP/2022
2022-09-09,AUD,3.2031,PLN,NBP 175/A/NBP/2022
2022-09-12,AUD,3.1819,PLN,NBP 176/A/NBP/2022
2022-09-13,AUD,3.198,PLN,NBP 177/A/NBP/2022
2022-09-14,AUD,3.1786,PLN,NBP 178/A/NBP/2022
2022-09-15,AUD,3.1877,PLN,NBP 179/A/NBP/2022
2022-09-16,AUD,3.1631,PLN,NBP 180/A/NBP/2022
2022-08-25,MXN,0.2396,PLN,NBP 164/A/NBP/2022
2022-08-26,MXN,0.2382,PLN,NBP 165/A/NBP/2022
2022-08-29,MXN,0.2379,PLN,NBP 166/A/NBP/2022
2022-08-30,MXN,0.2371,PLN,NBP 167/A/NBP/2022
2022-08-31,MXN,0.2347,PLN,NBP 168/A/NBP/2022
2022-09-01,MXN,0.2324,PLN,NBP 169/A/NBP/2022
2022-09-02,MXN,0.2344,PLN,NBP 170/A/NBP/2022
2022-09-05,MXN,0.2381,PLN,NBP 171/A/NBP/2022
2022-09-06,MXN,0.2372,PLN,NBP 172/A/NBP/2022
2022-09-07,MXN,0.237,PLN,NBP 173/A/NBP/2022
2022-09-08,MXN,0.2362,PLN,NBP 174/A/NBP/2022
2022-09-09,MXN,0.2345,PLN,NBP 175/A/NBP/2022
2022-09-12,MXN,0.2359,PLN,NBP 176/A/NBP/2022
2022-09-13,MXN,0.2343,PLN,NBP 177/A/NBP/2022
2022-09-14,MXN,0.2364,PLN,NBP 178/A/NBP/2022
2022-09-15,MXN,0.2364,PLN,NBP 179/A/NBP/2022
2022-09-16,MXN,0.2356,PLN,NBP 180/A/NBP/2022
2022-08-25,BRL,0.9302,PLN,NBP 164/A/NBP/2022
2022-08-26,BRL,0.9288,PLN,NBP 165/A/NBP/2022
2022-08-29,BRL,0.9449,PLN,NBP 166/A/NBP/2022
2022-08-30,BRL,0.9388,PLN,NBP 167/A/NBP/2022
2022-08-31,BRL,0.9244,PLN,NBP 168/A/NBP/2022
2022-09-01,BRL,0.906,PLN,NBP 169/A/NBP/2022
2022-09-02,BRL,0.9018,PLN,NBP 170/A/NBP/2022
2022-09-05,BRL,0.9232,PLN,NBP 171/A/NBP/2022
2022-09-06,BRL,0.9188,PLN,NBP 172/A/NBP/2022
2022-09-07,BRL,0.9066,PLN,NBP 173/A/NBP/2022
2022-09-08,BRL,0.9006,PLN,NBP 174/A/NBP/2022
2022-09-09,BRL,0.8936,PLN,NBP 175/A/NBP/2022
2022-09-12,BRL,0.898,PLN,NBP 176/A/NBP/2022
2022-09-13,BRL,0.9102,PLN,NBP 177/A/NBP/2022
2022-09-14,BRL,0.91,PLN,NBP 178/A/NBP/2022
2022-09-15,BRL,0.9139,PLN,NBP 179/A/NBP/2022
2022-09-16,BRL,0.903,PLN,NBP 180/A/NBP/2022
2022-08-31,SAR,1.2579,PLN,NBP 035/B/NBP/2022
2022-09-07,SAR,1.264,PLN,NBP 036/B/NBP/2022
2022-09-14,SAR,1.2568,PLN,NBP 037/B/NBP/2022
2022-08-31,RUB,0.078,PLN,NBP 035/B/NBP/2022
2022-09-07,RUB,0.0771,PLN,NBP 036/B/NBP/2022
2022-09-14,RUB,0.0786,PLN,NBP 037/B/NBP/2022
2022-08-25,BTC,21629.2,EUR,Binance BTCEUR (zamkniecie dnia)
2022-08-26,BTC,20358.05,EUR,Binance BTCEUR (zamkniecie dnia)
2022-08-27,BTC,20153.25,EUR,Binance BTCEUR (zamkniecie dnia)
2022-08-28,BTC,19713.93,EUR,Binance BTCEUR (zamkniecie dnia)
2022-08-29,BTC,20292.71,EUR,Binance BTCEUR (zamkniecie dnia)
2022-08-30,BTC,19780.0,EUR,Binance BTCEUR (zamkniecie dnia)
2022-08-31,BTC,19989.56,EUR,Binance BTCEUR (zamkniecie dnia)
2022-09-01,BTC,20217.6,EUR,Binance BTCEUR (zamkniecie dnia)
2022-09-02,BTC,20072.48,EUR,Binance BTCEUR (zamkniecie dnia)
2022-09-03,BTC,19938.86,EUR,Binance BTCEUR (zamkniecie dnia)
2022-09-04,BTC,20166.2,EUR,Binance BTCEUR (zamkniecie dnia)
2022-09-05,BTC,19910.0,EUR,Binance BTCEUR (zamkniecie dnia)
2022-09-06,BTC,19006.17,EUR,Binance BTCEUR (zamkniecie dnia)
2022-09-07,BTC,19319.78,EUR,Binance BTCEUR (zamkniecie dnia)
2022-09-08,BTC,19310.01,EUR,Binance BTCEUR (zamkniecie dnia)
2022-09-09,BTC,21231.4,EUR,Binance BTCEUR (zamkniecie dnia)
2022-09-10,BTC,21522.33,EUR,Binance BTCEUR (zamkniecie dnia)
2022-09-11,BTC,21657.93,EUR,Binance BTCEUR (zamkniecie dnia)
2022-09-12,BTC,22116.76,EUR,Binance BTCEUR (zamkniecie dnia)
2022-09-13,BTC,20239.66,EUR,Binance BTCEUR (zamkniecie dnia)
2022-09-14,BTC,20269.78,EUR,Binance BTCEUR (zamkniecie dnia)
2022-09-15,BTC,19746.94,EUR,Binance BTCEUR (zamkniecie dnia)
2022-09-16,BTC,19797.25,EUR,Binance BTCEUR (zamkniecie dnia)
2022-09-17,BTC,20105.01,EUR,Binance BTCEUR (zamkniecie dnia)
2022-09-18,BTC,19391.19,EUR,Binance BTCEUR (zamkniecie dnia)
